readings,values,semiring,status,result_chars,seconds,peak_backend_mb
4,wet,formula,ok,371,0.3,0
8,wet,formula,ok,10683,0.3,0
12,wet,formula,ok,249699,0.3,0
16,wet,formula,ok,5308211,0.3,0
18,wet,formula,ok,23854784,0.6,95
20,wet,formula,ok,105905822,2.2,935
22,wet,formula,killed,,7.5,2743
24,wet,formula,killed,,10.0,3032
26,wet,formula,killed,,4.1,2890
4,wet,why,ok,95,0.3,0
8,wet,why,ok,2559,0.3,0
12,wet,why,ok,63483,0.3,0
16,wet,why,ok,1409019,0.6,113
18,wet,why,ok,6422518,2.6,461
20,wet,why,ok,28835830,11.0,1938
22,wet,why,killed,,13.7,3049
24,wet,why,killed,,12.8,3028
26,wet,why,killed,,4.2,2923
4,wet,how,ok,2,0.3,0
8,wet,how,ok,5,0.3,0
12,wet,how,ok,9,0.3,0
16,wet,how,ok,10,0.3,0
18,wet,how,ok,10,0.3,0
20,wet,how,ok,10,1.3,195
22,wet,how,ok,10,6.1,717
24,wet,how,ok,10,26.2,3018
26,wet,how,killed,,4.5,2852
4,wet,which,ok,9,0.3,0
8,wet,which,ok,17,0.3,0
12,wet,which,ok,28,0.3,0
16,wet,which,ok,40,0.3,0
18,wet,which,ok,46,0.6,65
20,wet,which,ok,52,3.2,205
22,wet,which,ok,58,12.9,748
24,wet,which,ok,64,59.7,3018
26,wet,which,killed,,4.0,2991
4,wet,boolexpr,ok,351,0.3,0
8,wet,boolexpr,ok,11715,0.3,0
12,wet,boolexpr,ok,290638,0.3,0
16,wet,boolexpr,ok,6356750,0.3,0
18,wet,boolexpr,ok,168,0.3,0
20,wet,boolexpr,ok,224,0.3,0
22,wet,boolexpr,ok,280,0.3,0
24,wet,boolexpr,ok,336,0.3,0
26,wet,boolexpr,ok,392,0.3,0
4,wet,probability_evaluate,ok,1,0.3,0
8,wet,probability_evaluate,ok,1,0.3,0
12,wet,probability_evaluate,ok,1,0.3,0
16,wet,probability_evaluate,ok,1,0.3,0
18,wet,probability_evaluate,ok,1,0.3,0
20,wet,probability_evaluate,ok,1,0.3,0
22,wet,probability_evaluate,ok,1,0.3,0
24,wet,probability_evaluate,ok,1,0.3,0
26,wet,probability_evaluate,ok,1,0.3,0
16,dry,formula,ok,4644821,0.3,0
18,dry,formula,ok,20873169,0.6,91
20,dry,formula,ok,99286989,2.2,880
31,dry,formula,killed,,4.3,2986
