question_id,category,question,tables,supported,shape,detail,size,size_text,estimated_mb,verdict
3,A,What is the average temperature in Celsius in Peloponnese in 2016?,meteo_tmean,true,large aggregate,AVG(mt.tmean) over readings,79422,"79,422 readings in the largest group = 1 year(s) × 217 cell(s)",238.3,heavy
7,B,What is the minimum wind speed in Peloponnese in 2015?,meteo_windspeedmax,true,large aggregate,MIN(mws.windspeedmax) over readings,79422,"79,422 readings in the largest group = 1 year(s) × 217 cell(s)",238.3,heavy
8,C,Show the coordinates of the location with the lowest temperature in Celsius in City of Zurich in July 2018.,meteo_tmin,false,comparison,mtn.tmin - 273.15 = (SELECT MIN(mtn1.tmin) - 273.15 FROM meteo_tmin AS mtn1 WHERE EXTRACT(MONTH FROM mtn1.time) = 7 AND   —  on MIN(mtn1.tmin),31,31 readings per compared group = 1 cell(s) × 1 month × 1 year(s),159432300.0,exhausts
9,C,Show the coordinates of the location with the lowest temperature in Celsius in Attica in July 2018.,meteo_tmin,false,comparison,mtn.tmin - 273.15 = (SELECT MIN(mtn1.tmin) - 273.15 FROM meteo_tmin AS mtn1 WHERE EXTRACT(MONTH FROM mtn1.time) = 7 AND   —  on MIN(mtn1.tmin),744,744 readings per compared group = 24 cell(s) × 1 month × 1 year(s),inf,exhausts
10,C,Show the coordinates of the location with the lowest temperature in Celsius in Canton of Bern in July 2018.,meteo_tmin,false,comparison,mtn.tmin - 273.15 = (SELECT MIN(mtn1.tmin) - 273.15 FROM meteo_tmin AS mtn1 WHERE EXTRACT(MONTH FROM mtn1.time) = 7 AND   —  on MIN(mtn1.tmin),2015,"2,015 readings per compared group = 65 cell(s) × 1 month × 1 year(s)",inf,exhausts
11,C,Show the coordinates of the location with the lowest temperature in Celsius in Peloponnese in July 2018.,meteo_tmin,false,comparison,mtn.tmin - 273.15 = (SELECT MIN(mtn1.tmin) - 273.15 FROM meteo_tmin AS mtn1 WHERE EXTRACT(MONTH FROM mtn1.time) = 7 AND   —  on MIN(mtn1.tmin),6727,"6,727 readings per compared group = 217 cell(s) × 1 month × 1 year(s)",inf,exhausts
12,C,Show the coordinates of the location with the lowest temperature in Celsius in City of Zurich in 2018.,meteo_tmin,false,comparison,mtn.tmin - 273.15 = (SELECT MIN(mtn1.tmin) - 273.15 FROM meteo_tmin AS mtn1 WHERE EXTRACT(YEAR FROM mtn1.time) = 2018 AN  —  on MIN(mtn1.tmin),366,366 readings per compared group = 1 cell(s) × 1 year(s),inf,exhausts
13,C,Show the coordinates of the location with the lowest temperature in Celsius in Attica in 2018.,meteo_tmin,false,comparison,mtn.tmin - 273.15 = (SELECT MIN(mtn1.tmin) - 273.15 FROM meteo_tmin AS mtn1 WHERE EXTRACT(YEAR FROM mtn1.time) = 2018 AN  —  on MIN(mtn1.tmin),8784,"8,784 readings per compared group = 24 cell(s) × 1 year(s)",inf,exhausts
14,C,Show the coordinates of the location with the lowest temperature in Celsius in Canton of Bern in 2018.,meteo_tmin,false,comparison,mtn.tmin - 273.15 = (SELECT MIN(mtn1.tmin) - 273.15 FROM meteo_tmin AS mtn1 WHERE EXTRACT(YEAR FROM mtn1.time) = 2018 AN  —  on MIN(mtn1.tmin),23790,"23,790 readings per compared group = 65 cell(s) × 1 year(s)",inf,exhausts
15,C,Show the coordinates of the location with the lowest temperature in Celsius in Peloponnese in 2018.,meteo_tmin,false,comparison,mtn.tmin - 273.15 = (SELECT MIN(mtn1.tmin) - 273.15 FROM meteo_tmin AS mtn1 WHERE EXTRACT(YEAR FROM mtn1.time) = 2018 AN  —  on MIN(mtn1.tmin),79422,"79,422 readings per compared group = 217 cell(s) × 1 year(s)",inf,exhausts
15,C,Show the coordinates of the location with the lowest temperature in Celsius in Peloponnese in 2018.,meteo_tmin,false,large aggregate,MIN(mtn1.tmin) over readings,79422,"79,422 readings in the largest group = 1 year(s) × 217 cell(s)",238.3,heavy
23,B,Show the highest wind speed in Peloponnese in 2015,meteo_windspeedmax,true,large aggregate,MAX(mws.windspeedmax) over readings,79422,"79,422 readings in the largest group = 1 year(s) × 217 cell(s)",238.3,heavy
25,B,Show the highest wind speed in Attica between 2015 and 2019.,meteo_windspeedmax,true,large aggregate,MAX(mws.windspeedmax) over readings,43920,"43,920 readings in the largest group = 5 year(s) × 24 cell(s)",131.8,heavy
26,B,Show the highest wind speed in Canton of Bern between 2015 and 2019.,meteo_windspeedmax,true,large aggregate,MAX(mws.windspeedmax) over readings,118950,"118,950 readings in the largest group = 5 year(s) × 65 cell(s)",356.9,heavy
27,B,Show the highest wind speed in Peloponnese between 2015 and 2019.,meteo_windspeedmax,true,large aggregate,MAX(mws.windspeedmax) over readings,397110,"397,110 readings in the largest group = 5 year(s) × 217 cell(s)",1191.3,heavy
28,T,Show the lowest temperature in Celsius at the lowest point in City of Zurich during week 10 of 2018.,meteo_elevation;meteo_tmin,false,comparison,me1.elevation = (SELECT min_elev_value.min_elev AS min_elev FROM min_elev_value)  —  on MIN(me.elevation),134280,"134,280 elevation points per compared group = 1 cell(s) × 134,280 (no elevation filter)",inf,exhausts
28,T,Show the lowest temperature in Celsius at the lowest point in City of Zurich during week 10 of 2018.,meteo_elevation;meteo_tmin,false,large aggregate,MIN(me.elevation) over elevation points,134280,"134,280 elevation points in the largest group = 1 cell(s) × 134,280 (no elevation filter)",402.8,heavy
29,T,Show the lowest temperature in Celsius at the lowest point in Attica during week 10 of 2018.,meteo_elevation;meteo_tmin,false,comparison,me1.elevation = (SELECT min_elev_value.min_elev AS min_elev FROM min_elev_value)  —  on MIN(me.elevation),3222720,"3,222,720 elevation points per compared group = 24 cell(s) × 134,280 (no elevation filter)",inf,exhausts
29,T,Show the lowest temperature in Celsius at the lowest point in Attica during week 10 of 2018.,meteo_elevation;meteo_tmin,false,large aggregate,MIN(me.elevation) over elevation points,3222720,"3,222,720 elevation points in the largest group = 24 cell(s) × 134,280 (no elevation filter)",9668.2,exhausts
30,T,Show the lowest temperature in Celsius at the lowest point in Canton of Bern during week 10 of 2018.,meteo_elevation;meteo_tmin,false,comparison,me1.elevation = (SELECT min_elev_value.min_elev AS min_elev FROM min_elev_value)  —  on MIN(me.elevation),8728200,"8,728,200 elevation points per compared group = 65 cell(s) × 134,280 (no elevation filter)",inf,exhausts
30,T,Show the lowest temperature in Celsius at the lowest point in Canton of Bern during week 10 of 2018.,meteo_elevation;meteo_tmin,false,large aggregate,MIN(me.elevation) over elevation points,8728200,"8,728,200 elevation points in the largest group = 65 cell(s) × 134,280 (no elevation filter)",26184.6,exhausts
31,T,Show the lowest temperature in Celsius at the lowest point in Peloponnese during week 10 of 2018.,meteo_elevation;meteo_tmin,false,comparison,me1.elevation = (SELECT min_elev_value.min_elev AS min_elev FROM min_elev_value)  —  on MIN(me.elevation),29138760,"29,138,760 elevation points per compared group = 217 cell(s) × 134,280 (no elevation filter)",inf,exhausts
31,T,Show the lowest temperature in Celsius at the lowest point in Peloponnese during week 10 of 2018.,meteo_elevation;meteo_tmin,false,large aggregate,MIN(me.elevation) over elevation points,29138760,"29,138,760 elevation points in the largest group = 217 cell(s) × 134,280 (no elevation filter)",87416.3,exhausts
32,T,What was the lowest temperature in Celsius at the lowest point in City of Zurich in January 2018?,meteo_elevation;meteo_tmin,false,comparison,me1.elevation = (SELECT min_elev_value.min_elev AS min_elev FROM min_elev_value)  —  on MIN(me.elevation),134280,"134,280 elevation points per compared group = 1 cell(s) × 134,280 (no elevation filter)",inf,exhausts
32,T,What was the lowest temperature in Celsius at the lowest point in City of Zurich in January 2018?,meteo_elevation;meteo_tmin,false,large aggregate,MIN(me.elevation) over elevation points,134280,"134,280 elevation points in the largest group = 1 cell(s) × 134,280 (no elevation filter)",402.8,heavy
33,T,What was the lowest temperature in Celsius at the lowest point in Attica in January 2018?,meteo_elevation;meteo_tmin,false,comparison,me1.elevation = (SELECT min_elev_value.min_elev AS min_elev FROM min_elev_value)  —  on MIN(me.elevation),3222720,"3,222,720 elevation points per compared group = 24 cell(s) × 134,280 (no elevation filter)",inf,exhausts
33,T,What was the lowest temperature in Celsius at the lowest point in Attica in January 2018?,meteo_elevation;meteo_tmin,false,large aggregate,MIN(me.elevation) over elevation points,3222720,"3,222,720 elevation points in the largest group = 24 cell(s) × 134,280 (no elevation filter)",9668.2,exhausts
34,T,What was the lowest temperature in Celsius at the lowest point in Canton of Bern in January 2018?,meteo_elevation;meteo_tmin,false,comparison,me1.elevation = (SELECT min_elev_value.min_elev AS min_elev FROM min_elev_value)  —  on MIN(me.elevation),8728200,"8,728,200 elevation points per compared group = 65 cell(s) × 134,280 (no elevation filter)",inf,exhausts
34,T,What was the lowest temperature in Celsius at the lowest point in Canton of Bern in January 2018?,meteo_elevation;meteo_tmin,false,large aggregate,MIN(me.elevation) over elevation points,8728200,"8,728,200 elevation points in the largest group = 65 cell(s) × 134,280 (no elevation filter)",26184.6,exhausts
35,T,What was the lowest temperature in Celsius at the lowest point in Peloponnese in January 2018?,meteo_elevation;meteo_tmin,false,comparison,me1.elevation = (SELECT min_elev_value.min_elev AS min_elev FROM min_elev_value)  —  on MIN(me.elevation),29138760,"29,138,760 elevation points per compared group = 217 cell(s) × 134,280 (no elevation filter)",inf,exhausts
35,T,What was the lowest temperature in Celsius at the lowest point in Peloponnese in January 2018?,meteo_elevation;meteo_tmin,false,large aggregate,MIN(me.elevation) over elevation points,29138760,"29,138,760 elevation points in the largest group = 217 cell(s) × 134,280 (no elevation filter)",87416.3,exhausts
49,E,What was the average maximum wind speed in Attica between 2005 and 2010?,meteo_windspeedmax,true,large aggregate,AVG(mws.windspeedmax) over readings,52704,"52,704 readings in the largest group = 6 year(s) × 24 cell(s)",158.1,heavy
50,E,What was the average maximum wind speed in Canton of Bern between 2005 and 2010?,meteo_windspeedmax,true,large aggregate,AVG(mws.windspeedmax) over readings,142740,"142,740 readings in the largest group = 6 year(s) × 65 cell(s)",428.2,heavy
51,E,What was the average maximum wind speed in Peloponnese between 2005 and 2010?,meteo_windspeedmax,true,large aggregate,AVG(mws.windspeedmax) over readings,476532,"476,532 readings in the largest group = 6 year(s) × 217 cell(s)",1429.6,heavy
52,J,What was the average snow depth in City of Zurich during week 5 of 2010 at elevations below 1000 meters?,meteo_elevation;meteo_sdmax,true,large aggregate,AVG(sdm.sdmax) over readings × elevation points,939960,"939,960 reading × point pairs in the largest group = 1 week(s) × 1 cell(s) × 134,280 points (elevation < 1000)",1879.9,heavy
53,J,What was the average snow depth in Attica during week 5 of 2010 at elevations below 1000 meters?,meteo_elevation;meteo_sdmax,true,large aggregate,AVG(sdm.sdmax) over readings × elevation points,22559040,"22,559,040 reading × point pairs in the largest group = 1 week(s) × 24 cell(s) × 134,280 points (elevation < 1000)",45118.1,exhausts
54,J,What was the average snow depth in Canton of Bern during week 5 of 2010 at elevations below 1000 meters?,meteo_elevation;meteo_sdmax,true,large aggregate,AVG(sdm.sdmax) over readings × elevation points,61097400,"61,097,400 reading × point pairs in the largest group = 1 week(s) × 65 cell(s) × 134,280 points (elevation < 1000)",122194.8,exhausts
55,J,What was the average snow depth in Peloponnese during week 5 of 2010 at elevations below 1000 meters?,meteo_elevation;meteo_sdmax,true,large aggregate,AVG(sdm.sdmax) over readings × elevation points,203971320,"203,971,320 reading × point pairs in the largest group = 1 week(s) × 217 cell(s) × 134,280 points (elevation < 1000)",407942.6,exhausts
67,A,Show the total solar radiation in Peloponnese in 2015,meteo_ssrd,true,large aggregate,SUM(msr.ssrd) over readings,79422,"79,422 readings in the largest group = 1 year(s) × 217 cell(s)",238.3,heavy
70,A,Show the total solar radiation in Canton of Bern from 2015 through 2016.,meteo_ssrd,true,large aggregate,SUM(msr.ssrd) over readings,47580,"47,580 readings in the largest group = 2 year(s) × 65 cell(s)",142.7,heavy
71,A,Show the total solar radiation in Peloponnese from 2015 through 2016.,meteo_ssrd,true,large aggregate,SUM(msr.ssrd) over readings,158844,"158,844 readings in the largest group = 2 year(s) × 217 cell(s)",476.5,heavy
79,H,What was the average annual precipitation in Peloponnese in 2015?,meteo_tp,true,large aggregate,AVG(mtp.tp) over readings,79422,"79,422 readings in the largest group = 1 year(s) × 217 cell(s)",238.3,heavy
83,H,What was the average precipitation in Peloponnese from 2015 to 2016?,meteo_tp,true,large aggregate,AVG(mtp.tp) over readings,79422,"79,422 readings in the largest group = 1 year × 217 cell(s)",238.3,heavy
87,F,Show the number of highest temperature readings in Celsius above 30 degrees in the Peloponnese in 2015.,meteo_tmax,true,large aggregate,COUNT(*) over readings,79422,"79,422 readings in the largest group = 1 year(s) × 217 cell(s)",238.3,heavy
89,F,Show the number of highest temperature readings in Celsius above 30 degrees in the Attica between 2015 and 2018.,meteo_tmax,true,large aggregate,COUNT(*) over readings,35136,"35,136 readings in the largest group = 4 year(s) × 24 cell(s)",105.4,heavy
90,F,Show the number of highest temperature readings in Celsius above 30 degrees in the Canton of Bern between 2015 and 2018.,meteo_tmax,true,large aggregate,COUNT(*) over readings,95160,"95,160 readings in the largest group = 4 year(s) × 65 cell(s)",285.5,heavy
91,F,Show the number of highest temperature readings in Celsius above 30 degrees in the Peloponnese between 2015 and 2018.,meteo_tmax,true,large aggregate,COUNT(*) over readings,317688,"317,688 readings in the largest group = 4 year(s) × 217 cell(s)",953.1,heavy
107,A,What is the average snow depth in Peloponnese in 2018?,meteo_sdmax,true,large aggregate,AVG(msd.sdmax) over readings,79422,"79,422 readings in the largest group = 1 year(s) × 217 cell(s)",238.3,heavy
124,T,Show highest wind speed of the highest point in City of Zurich in 2015,meteo_elevation;meteo_windspeedmax,false,comparison,me1.elevation = (SELECT max_elev_value.max_elev AS max_elev FROM max_elev_value)  —  on MAX(me.elevation),134280,"134,280 elevation points per compared group = 1 cell(s) × 134,280 (no elevation filter)",inf,exhausts
124,T,Show highest wind speed of the highest point in City of Zurich in 2015,meteo_elevation;meteo_windspeedmax,false,large aggregate,MAX(me.elevation) over elevation points,134280,"134,280 elevation points in the largest group = 1 cell(s) × 134,280 (no elevation filter)",402.8,heavy
125,T,Show highest wind speed of the highest point in Attica in 2015,meteo_elevation;meteo_windspeedmax,false,comparison,me1.elevation = (SELECT max_elev_value.max_elev AS max_elev FROM max_elev_value)  —  on MAX(me.elevation),3222720,"3,222,720 elevation points per compared group = 24 cell(s) × 134,280 (no elevation filter)",inf,exhausts
125,T,Show highest wind speed of the highest point in Attica in 2015,meteo_elevation;meteo_windspeedmax,false,large aggregate,MAX(me.elevation) over elevation points,3222720,"3,222,720 elevation points in the largest group = 24 cell(s) × 134,280 (no elevation filter)",9668.2,exhausts
126,T,Show highest wind speed of the highest point in Canton of Bern in 2015,meteo_elevation;meteo_windspeedmax,false,comparison,me1.elevation = (SELECT max_elev_value.max_elev AS max_elev FROM max_elev_value)  —  on MAX(me.elevation),8728200,"8,728,200 elevation points per compared group = 65 cell(s) × 134,280 (no elevation filter)",inf,exhausts
126,T,Show highest wind speed of the highest point in Canton of Bern in 2015,meteo_elevation;meteo_windspeedmax,false,large aggregate,MAX(me.elevation) over elevation points,8728200,"8,728,200 elevation points in the largest group = 65 cell(s) × 134,280 (no elevation filter)",26184.6,exhausts
127,T,Show highest wind speed of the highest point in Peloponnese in 2015,meteo_elevation;meteo_windspeedmax,false,comparison,me1.elevation = (SELECT max_elev_value.max_elev AS max_elev FROM max_elev_value)  —  on MAX(me.elevation),29138760,"29,138,760 elevation points per compared group = 217 cell(s) × 134,280 (no elevation filter)",inf,exhausts
127,T,Show highest wind speed of the highest point in Peloponnese in 2015,meteo_elevation;meteo_windspeedmax,false,large aggregate,MAX(me.elevation) over elevation points,29138760,"29,138,760 elevation points in the largest group = 217 cell(s) × 134,280 (no elevation filter)",87416.3,exhausts
128,T,Show highest wind speed of the highest point in City of Zurich between 2015 and 2016,meteo_elevation;meteo_windspeedmax,false,comparison,me1.elevation = (SELECT max_elev_value.max_elev AS max_elev FROM max_elev_value)  —  on MAX(me.elevation),134280,"134,280 elevation points per compared group = 1 cell(s) × 134,280 (no elevation filter)",inf,exhausts
128,T,Show highest wind speed of the highest point in City of Zurich between 2015 and 2016,meteo_elevation;meteo_windspeedmax,false,large aggregate,MAX(me.elevation) over elevation points,134280,"134,280 elevation points in the largest group = 1 cell(s) × 134,280 (no elevation filter)",402.8,heavy
129,T,Show highest wind speed of the highest point in Attica between 2015 and 2016,meteo_elevation;meteo_windspeedmax,false,comparison,me1.elevation = (SELECT max_elev_value.max_elev AS max_elev FROM max_elev_value)  —  on MAX(me.elevation),3222720,"3,222,720 elevation points per compared group = 24 cell(s) × 134,280 (no elevation filter)",inf,exhausts
129,T,Show highest wind speed of the highest point in Attica between 2015 and 2016,meteo_elevation;meteo_windspeedmax,false,large aggregate,MAX(me.elevation) over elevation points,3222720,"3,222,720 elevation points in the largest group = 24 cell(s) × 134,280 (no elevation filter)",9668.2,exhausts
130,T,Show highest wind speed of the highest point in Canton of Bern between 2015 and 2016,meteo_elevation;meteo_windspeedmax,false,comparison,me1.elevation = (SELECT max_elev_value.max_elev AS max_elev FROM max_elev_value)  —  on MAX(me.elevation),8728200,"8,728,200 elevation points per compared group = 65 cell(s) × 134,280 (no elevation filter)",inf,exhausts
130,T,Show highest wind speed of the highest point in Canton of Bern between 2015 and 2016,meteo_elevation;meteo_windspeedmax,false,large aggregate,MAX(me.elevation) over elevation points,8728200,"8,728,200 elevation points in the largest group = 65 cell(s) × 134,280 (no elevation filter)",26184.6,exhausts
131,T,Show highest wind speed of the highest point in Peloponnese between 2015 and 2016,meteo_elevation;meteo_windspeedmax,false,comparison,me1.elevation = (SELECT max_elev_value.max_elev AS max_elev FROM max_elev_value)  —  on MAX(me.elevation),29138760,"29,138,760 elevation points per compared group = 217 cell(s) × 134,280 (no elevation filter)",inf,exhausts
131,T,Show highest wind speed of the highest point in Peloponnese between 2015 and 2016,meteo_elevation;meteo_windspeedmax,false,large aggregate,MAX(me.elevation) over elevation points,29138760,"29,138,760 elevation points in the largest group = 217 cell(s) × 134,280 (no elevation filter)",87416.3,exhausts
143,A,Show the average total precipitation in Peloponnese in 2005.,meteo_tp,true,large aggregate,AVG(mtp.tp) over readings,79422,"79,422 readings in the largest group = 1 year × 217 cell(s)",238.3,heavy
147,A,What was the average total precipitation in Peloponnese between 2005 and 2010?,meteo_tp,true,large aggregate,AVG(mtp.tp) over readings,79422,"79,422 readings in the largest group = 1 year × 217 cell(s)",238.3,heavy
148,J,Show the average total precipitation (in mm) in City of Zurich during WEEK 15 of 2018 above 500m elevation.,meteo_elevation;meteo_tp,true,large aggregate,AVG(tp.tp) over readings × elevation points,231672,"231,672 reading × point pairs in the largest group = 1 week(s) × 1 cell(s) × 33,096 points (elevation >= 500)",463.3,heavy
149,J,Show the average total precipitation (in mm) in Attica during WEEK 15 of 2018 above 500m elevation.,meteo_elevation;meteo_tp,true,large aggregate,AVG(tp.tp) over readings × elevation points,5560128,"5,560,128 reading × point pairs in the largest group = 1 week(s) × 24 cell(s) × 33,096 points (elevation >= 500)",11120.3,exhausts
150,J,Show the average total precipitation (in mm) in Canton of Bern during WEEK 15 of 2018 above 500m elevation.,meteo_elevation;meteo_tp,true,large aggregate,AVG(tp.tp) over readings × elevation points,15058680,"15,058,680 reading × point pairs in the largest group = 1 week(s) × 65 cell(s) × 33,096 points (elevation >= 500)",30117.4,exhausts
151,J,Show the average total precipitation (in mm) in Peloponnese during WEEK 15 of 2018 above 500m elevation.,meteo_elevation;meteo_tp,true,large aggregate,AVG(tp.tp) over readings × elevation points,50272824,"50,272,824 reading × point pairs in the largest group = 1 week(s) × 217 cell(s) × 33,096 points (elevation >= 500)",100545.6,exhausts
152,J,Show the average total precipitation (in mm) in City of Zurich in January 2018 above 500m,meteo_elevation;meteo_tp,true,large aggregate,AVG(tp.tp) over readings × elevation points,1025976,"1,025,976 reading × point pairs in the largest group = 1 month × 1 year(s) × 1 cell(s) × 33,096 points (elevation >= 500)",2052.0,heavy
153,J,Show the average total precipitation (in mm) in Attica in January 2018 above 500m,meteo_elevation;meteo_tp,true,large aggregate,AVG(tp.tp) over readings × elevation points,24623424,"24,623,424 reading × point pairs in the largest group = 1 month × 1 year(s) × 24 cell(s) × 33,096 points (elevation >= 500)",49246.8,exhausts
154,J,Show the average total precipitation (in mm) in Canton of Bern in January 2018 above 500m,meteo_elevation;meteo_tp,true,large aggregate,AVG(tp.tp) over readings × elevation points,66688440,"66,688,440 reading × point pairs in the largest group = 1 month × 1 year(s) × 65 cell(s) × 33,096 points (elevation >= 500)",133376.9,exhausts
155,J,Show the average total precipitation (in mm) in Peloponnese in January 2018 above 500m,meteo_elevation;meteo_tp,true,large aggregate,AVG(tp.tp) over readings × elevation points,222636792,"222,636,792 reading × point pairs in the largest group = 1 month × 1 year(s) × 217 cell(s) × 33,096 points (elevation >= 500)",445273.6,exhausts
156,J,Show the average total precipitation (in mm) in City of Zurich above 500m between 2015 and 2016.,meteo_elevation;meteo_tp,true,large aggregate,AVG(tp.tp) over readings × elevation points,24226272,"24,226,272 reading × point pairs in the largest group = 2 year(s) × 1 cell(s) × 33,096 points (elevation >= 500)",48452.5,exhausts
157,J,Show the average total precipitation (in mm) in Attica above 500m between 2015 and 2016.,meteo_elevation;meteo_tp,true,large aggregate,AVG(tp.tp) over readings × elevation points,581430528,"581,430,528 reading × point pairs in the largest group = 2 year(s) × 24 cell(s) × 33,096 points (elevation >= 500)",1162861.1,exhausts
158,J,Show the average total precipitation (in mm) in Canton of Bern above 500m between 2015 and 2016.,meteo_elevation;meteo_tp,true,large aggregate,AVG(tp.tp) over readings × elevation points,1574707680,"1,574,707,680 reading × point pairs in the largest group = 2 year(s) × 65 cell(s) × 33,096 points (elevation >= 500)",3149415.4,exhausts
159,J,Show the average total precipitation (in mm) in Peloponnese above 500m between 2015 and 2016.,meteo_elevation;meteo_tp,true,large aggregate,AVG(tp.tp) over readings × elevation points,5257101024,"5,257,101,024 reading × point pairs in the largest group = 2 year(s) × 217 cell(s) × 33,096 points (elevation >= 500)",10514202.0,exhausts
168,T,"What is the average elevation for locations with a highest temperature higher than 10 °C in the City of Zurich on July 15, 2015?",meteo_elevation;meteo_tmax,true,large aggregate,AVG(l.elevation) over elevation points,134280,"134,280 elevation points in the largest group = 1 cell(s) × 134,280 (no elevation filter)",402.8,heavy
169,T,"What is the average elevation for locations with a highest temperature higher than 10 °C in the Attica on July 15, 2015?",meteo_elevation;meteo_tmax,true,large aggregate,AVG(l.elevation) over elevation points,3222720,"3,222,720 elevation points in the largest group = 24 cell(s) × 134,280 (no elevation filter)",9668.2,exhausts
170,T,"What is the average elevation for locations with a highest temperature higher than 10 °C in the Canton of Bern on July 15, 2015?",meteo_elevation;meteo_tmax,true,large aggregate,AVG(l.elevation) over elevation points,8728200,"8,728,200 elevation points in the largest group = 65 cell(s) × 134,280 (no elevation filter)",26184.6,exhausts
171,T,"What is the average elevation for locations with a highest temperature higher than 10 °C in the Peloponnese on July 15, 2015?",meteo_elevation;meteo_tmax,true,large aggregate,AVG(l.elevation) over elevation points,29138760,"29,138,760 elevation points in the largest group = 217 cell(s) × 134,280 (no elevation filter)",87416.3,exhausts
189,F,Show the number of days between 2010 and 2015 where the maximum temperature in Attica exceeded 30 Celsius.,meteo_tmax,false,large aggregate,COUNT(DISTINCT DATE(mtx.time)) over readings,52704,"52,704 readings in the largest group = 6 year(s) × 24 cell(s)",158.1,heavy
190,F,Show the number of days between 2010 and 2015 where the maximum temperature in Canton of Bern exceeded 30 Celsius.,meteo_tmax,false,large aggregate,COUNT(DISTINCT DATE(mtx.time)) over readings,142740,"142,740 readings in the largest group = 6 year(s) × 65 cell(s)",428.2,heavy
191,F,Show the number of days between 2010 and 2015 where the maximum temperature in Peloponnese exceeded 30 Celsius.,meteo_tmax,false,large aggregate,COUNT(DISTINCT DATE(mtx.time)) over readings,476532,"476,532 readings in the largest group = 6 year(s) × 217 cell(s)",1429.6,heavy
214,B,Show the lowest snow depth in Canton of Bern between 2018 and 2019.,meteo_sdmax,true,large aggregate,MIN(msd.sdmax) over readings,47580,"47,580 readings in the largest group = 2 year(s) × 65 cell(s)",142.7,heavy
215,B,Show the lowest snow depth in Peloponnese between 2018 and 2019.,meteo_sdmax,true,large aggregate,MIN(msd.sdmax) over readings,158844,"158,844 readings in the largest group = 2 year(s) × 217 cell(s)",476.5,heavy
224,T,"Show lowest wind speed of the lowest point in City of Zurich on January 15, 2015",meteo_elevation;meteo_windspeedmax,false,comparison,me1.elevation = (SELECT min_elev_value.min_elev AS min_elev FROM min_elev_value)  —  on MIN(me.elevation),134280,"134,280 elevation points per compared group = 1 cell(s) × 134,280 (no elevation filter)",inf,exhausts
224,T,"Show lowest wind speed of the lowest point in City of Zurich on January 15, 2015",meteo_elevation;meteo_windspeedmax,false,large aggregate,MIN(me.elevation) over elevation points,134280,"134,280 elevation points in the largest group = 1 cell(s) × 134,280 (no elevation filter)",402.8,heavy
225,T,"Show lowest wind speed of the lowest point in Attica on January 15, 2015",meteo_elevation;meteo_windspeedmax,false,comparison,me1.elevation = (SELECT min_elev_value.min_elev AS min_elev FROM min_elev_value)  —  on MIN(me.elevation),3222720,"3,222,720 elevation points per compared group = 24 cell(s) × 134,280 (no elevation filter)",inf,exhausts
225,T,"Show lowest wind speed of the lowest point in Attica on January 15, 2015",meteo_elevation;meteo_windspeedmax,false,large aggregate,MIN(me.elevation) over elevation points,3222720,"3,222,720 elevation points in the largest group = 24 cell(s) × 134,280 (no elevation filter)",9668.2,exhausts
226,T,"Show lowest wind speed of the lowest point in Canton of Bern on January 15, 2015",meteo_elevation;meteo_windspeedmax,false,comparison,me1.elevation = (SELECT min_elev_value.min_elev AS min_elev FROM min_elev_value)  —  on MIN(me.elevation),8728200,"8,728,200 elevation points per compared group = 65 cell(s) × 134,280 (no elevation filter)",inf,exhausts
226,T,"Show lowest wind speed of the lowest point in Canton of Bern on January 15, 2015",meteo_elevation;meteo_windspeedmax,false,large aggregate,MIN(me.elevation) over elevation points,8728200,"8,728,200 elevation points in the largest group = 65 cell(s) × 134,280 (no elevation filter)",26184.6,exhausts
227,T,"Show lowest wind speed of the lowest point in Peloponnese on January 15, 2015",meteo_elevation;meteo_windspeedmax,false,comparison,me1.elevation = (SELECT min_elev_value.min_elev AS min_elev FROM min_elev_value)  —  on MIN(me.elevation),29138760,"29,138,760 elevation points per compared group = 217 cell(s) × 134,280 (no elevation filter)",inf,exhausts
227,T,"Show lowest wind speed of the lowest point in Peloponnese on January 15, 2015",meteo_elevation;meteo_windspeedmax,false,large aggregate,MIN(me.elevation) over elevation points,29138760,"29,138,760 elevation points in the largest group = 217 cell(s) × 134,280 (no elevation filter)",87416.3,exhausts
228,T,Show lowest wind speed of the lowest point in City of Zurich during the first week of 2018,meteo_elevation;meteo_windspeedmax,false,comparison,me1.elevation = (SELECT min_elev_value.min_elev AS min_elev FROM min_elev_value)  —  on MIN(me.elevation),134280,"134,280 elevation points per compared group = 1 cell(s) × 134,280 (no elevation filter)",inf,exhausts
228,T,Show lowest wind speed of the lowest point in City of Zurich during the first week of 2018,meteo_elevation;meteo_windspeedmax,false,large aggregate,MIN(me.elevation) over elevation points,134280,"134,280 elevation points in the largest group = 1 cell(s) × 134,280 (no elevation filter)",402.8,heavy
229,T,Show lowest wind speed of the lowest point in Attica during the first week of 2018,meteo_elevation;meteo_windspeedmax,false,comparison,me1.elevation = (SELECT min_elev_value.min_elev AS min_elev FROM min_elev_value)  —  on MIN(me.elevation),3222720,"3,222,720 elevation points per compared group = 24 cell(s) × 134,280 (no elevation filter)",inf,exhausts
229,T,Show lowest wind speed of the lowest point in Attica during the first week of 2018,meteo_elevation;meteo_windspeedmax,false,large aggregate,MIN(me.elevation) over elevation points,3222720,"3,222,720 elevation points in the largest group = 24 cell(s) × 134,280 (no elevation filter)",9668.2,exhausts
230,T,Show lowest wind speed of the lowest point in Canton of Bern during the first week of 2018,meteo_elevation;meteo_windspeedmax,false,comparison,me1.elevation = (SELECT min_elev_value.min_elev AS min_elev FROM min_elev_value)  —  on MIN(me.elevation),8728200,"8,728,200 elevation points per compared group = 65 cell(s) × 134,280 (no elevation filter)",inf,exhausts
230,T,Show lowest wind speed of the lowest point in Canton of Bern during the first week of 2018,meteo_elevation;meteo_windspeedmax,false,large aggregate,MIN(me.elevation) over elevation points,8728200,"8,728,200 elevation points in the largest group = 65 cell(s) × 134,280 (no elevation filter)",26184.6,exhausts
231,T,Show lowest wind speed of the lowest point in Peloponnese during the first week of 2018,meteo_elevation;meteo_windspeedmax,false,comparison,me1.elevation = (SELECT min_elev_value.min_elev AS min_elev FROM min_elev_value)  —  on MIN(me.elevation),29138760,"29,138,760 elevation points per compared group = 217 cell(s) × 134,280 (no elevation filter)",inf,exhausts
231,T,Show lowest wind speed of the lowest point in Peloponnese during the first week of 2018,meteo_elevation;meteo_windspeedmax,false,large aggregate,MIN(me.elevation) over elevation points,29138760,"29,138,760 elevation points in the largest group = 217 cell(s) × 134,280 (no elevation filter)",87416.3,exhausts
232,T,Show lowest wind speed of the lowest point in City of Zurich in 2015,meteo_elevation;meteo_windspeedmax,false,comparison,me1.elevation = (SELECT min_elev_value.min_elev AS min_elev FROM min_elev_value)  —  on MIN(me.elevation),134280,"134,280 elevation points per compared group = 1 cell(s) × 134,280 (no elevation filter)",inf,exhausts
232,T,Show lowest wind speed of the lowest point in City of Zurich in 2015,meteo_elevation;meteo_windspeedmax,false,large aggregate,MIN(me.elevation) over elevation points,134280,"134,280 elevation points in the largest group = 1 cell(s) × 134,280 (no elevation filter)",402.8,heavy
233,T,Show lowest wind speed of the lowest point in Attica in 2015,meteo_elevation;meteo_windspeedmax,false,comparison,me1.elevation = (SELECT min_elev_value.min_elev AS min_elev FROM min_elev_value)  —  on MIN(me.elevation),3222720,"3,222,720 elevation points per compared group = 24 cell(s) × 134,280 (no elevation filter)",inf,exhausts
233,T,Show lowest wind speed of the lowest point in Attica in 2015,meteo_elevation;meteo_windspeedmax,false,large aggregate,MIN(me.elevation) over elevation points,3222720,"3,222,720 elevation points in the largest group = 24 cell(s) × 134,280 (no elevation filter)",9668.2,exhausts
234,T,Show lowest wind speed of the lowest point in Canton of Bern in 2015,meteo_elevation;meteo_windspeedmax,false,comparison,me1.elevation = (SELECT min_elev_value.min_elev AS min_elev FROM min_elev_value)  —  on MIN(me.elevation),8728200,"8,728,200 elevation points per compared group = 65 cell(s) × 134,280 (no elevation filter)",inf,exhausts
234,T,Show lowest wind speed of the lowest point in Canton of Bern in 2015,meteo_elevation;meteo_windspeedmax,false,large aggregate,MIN(me.elevation) over elevation points,8728200,"8,728,200 elevation points in the largest group = 65 cell(s) × 134,280 (no elevation filter)",26184.6,exhausts
235,T,Show lowest wind speed of the lowest point in Peloponnese in 2015,meteo_elevation;meteo_windspeedmax,false,comparison,me1.elevation = (SELECT min_elev_value.min_elev AS min_elev FROM min_elev_value)  —  on MIN(me.elevation),29138760,"29,138,760 elevation points per compared group = 217 cell(s) × 134,280 (no elevation filter)",inf,exhausts
235,T,Show lowest wind speed of the lowest point in Peloponnese in 2015,meteo_elevation;meteo_windspeedmax,false,large aggregate,MIN(me.elevation) over elevation points,29138760,"29,138,760 elevation points in the largest group = 217 cell(s) × 134,280 (no elevation filter)",87416.3,exhausts
247,E,How many precipitation measurements do we have in Peloponnese in 2015?,meteo_tp,true,large aggregate,COUNT(mtp.tp) over readings,79422,"79,422 readings in the largest group = 1 year(s) × 217 cell(s)",238.3,heavy
259,B,What is the minimum solar radiation in Peloponnese between 2005 and 2010?,meteo_ssrd,true,large aggregate,MIN(msr.ssrd) over readings,79422,"79,422 readings in the largest group = 1 year × 217 cell(s)",238.3,heavy
263,B,What is the minimum precipitation in Peloponnese in 2015?,meteo_tp,true,large aggregate,MIN(mtp.tp) over readings,79422,"79,422 readings in the largest group = 1 year(s) × 217 cell(s)",238.3,heavy
266,B,What is the minimum precipitation in Canton of Bern between 2015 and 2016?,meteo_tp,true,large aggregate,MIN(mtp.tp) over readings,47580,"47,580 readings in the largest group = 2 year(s) × 65 cell(s)",142.7,heavy
267,B,What is the minimum precipitation in Peloponnese between 2015 and 2016?,meteo_tp,true,large aggregate,MIN(mtp.tp) over readings,158844,"158,844 readings in the largest group = 2 year(s) × 217 cell(s)",476.5,heavy
291,B,Show the highest solar radiation in Peloponnese in 2015,meteo_ssrd,true,large aggregate,MAX(msr.ssrd) over readings,79422,"79,422 readings in the largest group = 1 year(s) × 217 cell(s)",238.3,heavy
300,J,Show the average of snow depth in cm in City of Zurich in January 2018 above 2500m,meteo_elevation;meteo_sdmax,true,large aggregate,AVG(sdm.sdmax) over readings × elevation points,0,0 reading × point pairs in the largest group = 1 month × 1 year(s) × 1 cell(s) × 0 points (elevation >= 2500),0.0,fine
301,J,Show the average of snow depth in cm in Attica in January 2018 above 2500m,meteo_elevation;meteo_sdmax,true,large aggregate,AVG(sdm.sdmax) over readings × elevation points,0,0 reading × point pairs in the largest group = 1 month × 1 year(s) × 24 cell(s) × 0 points (elevation >= 2500),0.0,unknown
302,J,Show the average of snow depth in cm in Canton of Bern in January 2018 above 2500m,meteo_elevation;meteo_sdmax,true,large aggregate,AVG(sdm.sdmax) over readings × elevation points,0,0 reading × point pairs in the largest group = 1 month × 1 year(s) × 65 cell(s) × 0 points (elevation >= 2500),0.0,unknown
303,J,Show the average of snow depth in cm in Peloponnese in January 2018 above 2500m,meteo_elevation;meteo_sdmax,true,large aggregate,AVG(sdm.sdmax) over readings × elevation points,0,0 reading × point pairs in the largest group = 1 month × 1 year(s) × 217 cell(s) × 0 points (elevation >= 2500),0.0,unknown
327,A,What is the average wind speed in Peloponnese in 2015?,meteo_windspeedmax,true,large aggregate,AVG(mws.windspeedmax) over readings,79422,"79,422 readings in the largest group = 1 year(s) × 217 cell(s)",238.3,heavy
329,A,What is the average wind speed in Attica between 2015 and 2019?,meteo_windspeedmax,true,large aggregate,AVG(mws.windspeedmax) over readings,43920,"43,920 readings in the largest group = 5 year(s) × 24 cell(s)",131.8,heavy
330,A,What is the average wind speed in Canton of Bern between 2015 and 2019?,meteo_windspeedmax,true,large aggregate,AVG(mws.windspeedmax) over readings,118950,"118,950 readings in the largest group = 5 year(s) × 65 cell(s)",356.9,heavy
331,A,What is the average wind speed in Peloponnese between 2015 and 2019?,meteo_windspeedmax,true,large aggregate,AVG(mws.windspeedmax) over readings,397110,"397,110 readings in the largest group = 5 year(s) × 217 cell(s)",1191.3,heavy
346,B,Show the lowest wind speed in Canton of Bern between 2018 and 2019.,meteo_windspeedmax,true,large aggregate,MIN(mws.windspeedmax) over readings,47580,"47,580 readings in the largest group = 2 year(s) × 65 cell(s)",142.7,heavy
347,B,Show the lowest wind speed in Peloponnese between 2018 and 2019.,meteo_windspeedmax,true,large aggregate,MIN(mws.windspeedmax) over readings,158844,"158,844 readings in the largest group = 2 year(s) × 217 cell(s)",476.5,heavy
352,T,Show lowest precipitation (in mm) of the lowest point in City of Zurich in February 2018,meteo_elevation;meteo_tp,false,comparison,precip_data.tp = (SELECT MIN(precip_data.tp) FROM precip_data)  —  on MIN(precip_data.tp),5490,"5,490 readings per compared group = 1 cell(s) × every day (15 years in the demo data, more in the full dataset)",inf,exhausts
353,T,Show lowest precipitation (in mm) of the lowest point in Attica in February 2018,meteo_elevation;meteo_tp,false,comparison,precip_data.tp = (SELECT MIN(precip_data.tp) FROM precip_data)  —  on MIN(precip_data.tp),131760,"131,760 readings per compared group = 24 cell(s) × every day (15 years in the demo data, more in the full dataset)",inf,exhausts
354,T,Show lowest precipitation (in mm) of the lowest point in Canton of Bern in February 2018,meteo_elevation;meteo_tp,false,comparison,precip_data.tp = (SELECT MIN(precip_data.tp) FROM precip_data)  —  on MIN(precip_data.tp),356850,"356,850 readings per compared group = 65 cell(s) × every day (15 years in the demo data, more in the full dataset)",inf,exhausts
355,T,Show lowest precipitation (in mm) of the lowest point in Peloponnese in February 2018,meteo_elevation;meteo_tp,false,comparison,precip_data.tp = (SELECT MIN(precip_data.tp) FROM precip_data)  —  on MIN(precip_data.tp),1191330,"1,191,330 readings per compared group = 217 cell(s) × every day (15 years in the demo data, more in the full dataset)",inf,exhausts
356,T,Show lowest precipitation (in mm) of the lowest point in City of Zurich between 2018 and 2019.,meteo_elevation;meteo_tp,false,comparison,precip_data.tp = (SELECT MIN(precip_data.tp) FROM precip_data)  —  on MIN(precip_data.tp),5490,"5,490 readings per compared group = 1 cell(s) × every day (15 years in the demo data, more in the full dataset)",inf,exhausts
357,T,Show lowest precipitation (in mm) of the lowest point in Attica between 2018 and 2019.,meteo_elevation;meteo_tp,false,comparison,precip_data.tp = (SELECT MIN(precip_data.tp) FROM precip_data)  —  on MIN(precip_data.tp),131760,"131,760 readings per compared group = 24 cell(s) × every day (15 years in the demo data, more in the full dataset)",inf,exhausts
358,T,Show lowest precipitation (in mm) of the lowest point in Canton of Bern between 2018 and 2019.,meteo_elevation;meteo_tp,false,comparison,precip_data.tp = (SELECT MIN(precip_data.tp) FROM precip_data)  —  on MIN(precip_data.tp),356850,"356,850 readings per compared group = 65 cell(s) × every day (15 years in the demo data, more in the full dataset)",inf,exhausts
358,T,Show lowest precipitation (in mm) of the lowest point in Canton of Bern between 2018 and 2019.,meteo_elevation;meteo_tp,false,large aggregate,MIN(precip_data.tp) over readings,47580,"47,580 readings in the largest group = 2 year(s) × 65 cell(s)",142.7,heavy
359,T,Show lowest precipitation (in mm) of the lowest point in Peloponnese between 2018 and 2019.,meteo_elevation;meteo_tp,false,comparison,precip_data.tp = (SELECT MIN(precip_data.tp) FROM precip_data)  —  on MIN(precip_data.tp),1191330,"1,191,330 readings per compared group = 217 cell(s) × every day (15 years in the demo data, more in the full dataset)",inf,exhausts
359,T,Show lowest precipitation (in mm) of the lowest point in Peloponnese between 2018 and 2019.,meteo_elevation;meteo_tp,false,large aggregate,MIN(precip_data.tp) over readings,158844,"158,844 readings in the largest group = 2 year(s) × 217 cell(s)",476.5,heavy
384,J,What was the greatest wind speed in City of Zurich during week 10 of 2018 at elevations below 1500m?,meteo_elevation;meteo_windspeedmax,false,comparison,wind_data_2018_w10.windspeedmax = (SELECT MAX(wind_data_2018_w10.windspeedmax) FROM wind_data_2018_w10)  —  on MAX(wind_data_2018_w10.windspeedmax),5490,"5,490 readings per compared group = 1 cell(s) × every day (15 years in the demo data, more in the full dataset)",inf,exhausts
384,J,What was the greatest wind speed in City of Zurich during week 10 of 2018 at elevations below 1500m?,meteo_elevation;meteo_windspeedmax,false,large aggregate,MAX(wind_data_2018_w10.windspeedmax) over readings × elevation points,939960,"939,960 reading × point pairs in the largest group = 1 week(s) × 1 cell(s) × 134,280 points (elevation < 1500)",1879.9,heavy
385,J,What was the greatest wind speed in Attica during week 10 of 2018 at elevations below 1500m?,meteo_elevation;meteo_windspeedmax,false,comparison,wind_data_2018_w10.windspeedmax = (SELECT MAX(wind_data_2018_w10.windspeedmax) FROM wind_data_2018_w10)  —  on MAX(wind_data_2018_w10.windspeedmax),131760,"131,760 readings per compared group = 24 cell(s) × every day (15 years in the demo data, more in the full dataset)",inf,exhausts
385,J,What was the greatest wind speed in Attica during week 10 of 2018 at elevations below 1500m?,meteo_elevation;meteo_windspeedmax,false,large aggregate,MAX(wind_data_2018_w10.windspeedmax) over readings × elevation points,22559040,"22,559,040 reading × point pairs in the largest group = 1 week(s) × 24 cell(s) × 134,280 points (elevation < 1500)",45118.1,exhausts
386,J,What was the greatest wind speed in Canton of Bern during week 10 of 2018 at elevations below 1500m?,meteo_elevation;meteo_windspeedmax,false,comparison,wind_data_2018_w10.windspeedmax = (SELECT MAX(wind_data_2018_w10.windspeedmax) FROM wind_data_2018_w10)  —  on MAX(wind_data_2018_w10.windspeedmax),356850,"356,850 readings per compared group = 65 cell(s) × every day (15 years in the demo data, more in the full dataset)",inf,exhausts
386,J,What was the greatest wind speed in Canton of Bern during week 10 of 2018 at elevations below 1500m?,meteo_elevation;meteo_windspeedmax,false,large aggregate,MAX(wind_data_2018_w10.windspeedmax) over readings × elevation points,61097400,"61,097,400 reading × point pairs in the largest group = 1 week(s) × 65 cell(s) × 134,280 points (elevation < 1500)",122194.8,exhausts
387,J,What was the greatest wind speed in Peloponnese during week 10 of 2018 at elevations below 1500m?,meteo_elevation;meteo_windspeedmax,false,comparison,wind_data_2018_w10.windspeedmax = (SELECT MAX(wind_data_2018_w10.windspeedmax) FROM wind_data_2018_w10)  —  on MAX(wind_data_2018_w10.windspeedmax),1191330,"1,191,330 readings per compared group = 217 cell(s) × every day (15 years in the demo data, more in the full dataset)",inf,exhausts
387,J,What was the greatest wind speed in Peloponnese during week 10 of 2018 at elevations below 1500m?,meteo_elevation;meteo_windspeedmax,false,large aggregate,MAX(wind_data_2018_w10.windspeedmax) over readings × elevation points,203971320,"203,971,320 reading × point pairs in the largest group = 1 week(s) × 217 cell(s) × 134,280 points (elevation < 1500)",407942.6,exhausts
388,J,What was the greatest wind speed in City of Zurich in each month of 2018 below 1500m elevation?,meteo_elevation;meteo_windspeedmax,true,large aggregate,MAX(wind_data_2018.windspeedmax) over readings × elevation points,4162680,"4,162,680 reading × point pairs in the largest group = 1 month × 1 cell(s) × 134,280 points (elevation < 1500)",8325.4,exhausts
389,J,What was the greatest wind speed in Attica in each month of 2018 below 1500m elevation?,meteo_elevation;meteo_windspeedmax,true,large aggregate,MAX(wind_data_2018.windspeedmax) over readings × elevation points,99904320,"99,904,320 reading × point pairs in the largest group = 1 month × 24 cell(s) × 134,280 points (elevation < 1500)",199808.6,exhausts
390,J,What was the greatest wind speed in Canton of Bern in each month of 2018 below 1500m elevation?,meteo_elevation;meteo_windspeedmax,true,large aggregate,MAX(wind_data_2018.windspeedmax) over readings × elevation points,270574200,"270,574,200 reading × point pairs in the largest group = 1 month × 65 cell(s) × 134,280 points (elevation < 1500)",541148.4,exhausts
391,J,What was the greatest wind speed in Peloponnese in each month of 2018 below 1500m elevation?,meteo_elevation;meteo_windspeedmax,true,large aggregate,MAX(wind_data_2018.windspeedmax) over readings × elevation points,903301560,"903,301,560 reading × point pairs in the largest group = 1 month × 217 cell(s) × 134,280 points (elevation < 1500)",1806603.1,exhausts
392,J,Show the greatest wind speed in City of Zurich in 2015 below 1500m,meteo_elevation;meteo_windspeedmax,false,comparison,wind_data_2015.windspeedmax = (SELECT MAX(wind_data_2015.windspeedmax) FROM wind_data_2015)  —  on MAX(wind_data_2015.windspeedmax),5490,"5,490 readings per compared group = 1 cell(s) × every day (15 years in the demo data, more in the full dataset)",inf,exhausts
392,J,Show the greatest wind speed in City of Zurich in 2015 below 1500m,meteo_elevation;meteo_windspeedmax,false,large aggregate,MAX(wind_data_2015.windspeedmax) over readings × elevation points,49146480,"49,146,480 reading × point pairs in the largest group = 1 year(s) × 1 cell(s) × 134,280 points (elevation < 1500)",98293.0,exhausts
393,J,Show the greatest wind speed in Attica in 2015 below 1500m,meteo_elevation;meteo_windspeedmax,false,comparison,wind_data_2015.windspeedmax = (SELECT MAX(wind_data_2015.windspeedmax) FROM wind_data_2015)  —  on MAX(wind_data_2015.windspeedmax),131760,"131,760 readings per compared group = 24 cell(s) × every day (15 years in the demo data, more in the full dataset)",inf,exhausts
393,J,Show the greatest wind speed in Attica in 2015 below 1500m,meteo_elevation;meteo_windspeedmax,false,large aggregate,MAX(wind_data_2015.windspeedmax) over readings × elevation points,1179515520,"1,179,515,520 reading × point pairs in the largest group = 1 year(s) × 24 cell(s) × 134,280 points (elevation < 1500)",2359031.0,exhausts
394,J,Show the greatest wind speed in Canton of Bern in 2015 below 1500m,meteo_elevation;meteo_windspeedmax,false,comparison,wind_data_2015.windspeedmax = (SELECT MAX(wind_data_2015.windspeedmax) FROM wind_data_2015)  —  on MAX(wind_data_2015.windspeedmax),356850,"356,850 readings per compared group = 65 cell(s) × every day (15 years in the demo data, more in the full dataset)",inf,exhausts
394,J,Show the greatest wind speed in Canton of Bern in 2015 below 1500m,meteo_elevation;meteo_windspeedmax,false,large aggregate,MAX(wind_data_2015.windspeedmax) over readings × elevation points,3194521200,"3,194,521,200 reading × point pairs in the largest group = 1 year(s) × 65 cell(s) × 134,280 points (elevation < 1500)",6389042.4,exhausts
395,J,Show the greatest wind speed in Peloponnese in 2015 below 1500m,meteo_elevation;meteo_windspeedmax,false,comparison,wind_data_2015.windspeedmax = (SELECT MAX(wind_data_2015.windspeedmax) FROM wind_data_2015)  —  on MAX(wind_data_2015.windspeedmax),1191330,"1,191,330 readings per compared group = 217 cell(s) × every day (15 years in the demo data, more in the full dataset)",inf,exhausts
395,J,Show the greatest wind speed in Peloponnese in 2015 below 1500m,meteo_elevation;meteo_windspeedmax,false,large aggregate,MAX(wind_data_2015.windspeedmax) over readings × elevation points,10664786160,"10,664,786,160 reading × point pairs in the largest group = 1 year(s) × 217 cell(s) × 134,280 points (elevation < 1500)",21329572.3,exhausts
428,K,How many heat waves were there in City of Zurich in 2015?,meteo_tmax,false,comparison,COUNT(*) >= 3  —  on COUNT(*),5490,"5,490 readings per compared group = 1 cell(s) × every day (15 years in the demo data, more in the full dataset)",inf,exhausts
429,K,How many heat waves were there in Attica in 2015?,meteo_tmax,false,comparison,COUNT(*) >= 3  —  on COUNT(*),131760,"131,760 readings per compared group = 24 cell(s) × every day (15 years in the demo data, more in the full dataset)",inf,exhausts
430,K,How many heat waves were there in Canton of Bern in 2015?,meteo_tmax,false,comparison,COUNT(*) >= 3  —  on COUNT(*),356850,"356,850 readings per compared group = 65 cell(s) × every day (15 years in the demo data, more in the full dataset)",inf,exhausts
431,K,How many heat waves were there in Peloponnese in 2015?,meteo_tmax,false,comparison,COUNT(*) >= 3  —  on COUNT(*),1191330,"1,191,330 readings per compared group = 217 cell(s) × every day (15 years in the demo data, more in the full dataset)",inf,exhausts
431,K,How many heat waves were there in Peloponnese in 2015?,meteo_tmax,false,large aggregate,COUNT(*) over readings,79422,"79,422 readings in the largest group = 1 year(s) × 217 cell(s)",238.3,heavy
432,K,Return me the heat wave in 2015 in the City of Zurich,meteo_tmax,false,comparison,COUNT(*) >= 3  —  on COUNT(*),5490,"5,490 readings per compared group = 1 cell(s) × every day (15 years in the demo data, more in the full dataset)",inf,exhausts
433,K,Return me the heat wave in 2015 in the Attica,meteo_tmax,false,comparison,COUNT(*) >= 3  —  on COUNT(*),131760,"131,760 readings per compared group = 24 cell(s) × every day (15 years in the demo data, more in the full dataset)",inf,exhausts
434,K,Return me the heat wave in 2015 in the Canton of Bern,meteo_tmax,false,comparison,COUNT(*) >= 3  —  on COUNT(*),356850,"356,850 readings per compared group = 65 cell(s) × every day (15 years in the demo data, more in the full dataset)",inf,exhausts
435,K,Return me the heat wave in 2015 in the Peloponnese,meteo_tmax,false,comparison,COUNT(*) >= 3  —  on COUNT(*),1191330,"1,191,330 readings per compared group = 217 cell(s) × every day (15 years in the demo data, more in the full dataset)",inf,exhausts
455,N,How has the number of Tropical Nights evolved in Peloponnese from 2000 to 2010?,meteo_tmin,false,large aggregate,COUNT(*) over readings,79422,"79,422 readings in the largest group = 1 year × 217 cell(s)",238.3,heavy
459,N,How has the number of Tropical Nights evolved in Peloponnese from 1995 to 2005?,meteo_tmin,false,large aggregate,COUNT(*) over readings,79422,"79,422 readings in the largest group = 1 year × 217 cell(s)",238.3,heavy
464,P,Calculate the duration of the longest heatwave where maximum temperatures exceeded 30°C in City of Zurich between 2010 and 2011.,meteo_tmax,false,comparison,MAX(mtx.tmax) - 273.15 > 30  —  on MAX(mtx.tmax),1,1 readings per compared group = 1 cell(s) × 1 per day,40,fine
465,P,Calculate the duration of the longest heatwave where maximum temperatures exceeded 30°C in Attica between 2010 and 2011.,meteo_tmax,false,comparison,MAX(mtx.tmax) - 273.15 > 30  —  on MAX(mtx.tmax),24,24 readings per compared group = 24 cell(s) × 1 per day,72900.0,exhausts
466,P,Calculate the duration of the longest heatwave where maximum temperatures exceeded 30°C in Canton of Bern between 2010 and 2011.,meteo_tmax,false,comparison,MAX(mtx.tmax) - 273.15 > 30  —  on MAX(mtx.tmax),65,65 readings per compared group = 65 cell(s) × 1 per day,inf,exhausts
466,P,Calculate the duration of the longest heatwave where maximum temperatures exceeded 30°C in Canton of Bern between 2010 and 2011.,meteo_tmax,false,large aggregate,COUNT(*) over readings,47580,"47,580 readings in the largest group = 2 year(s) × 65 cell(s)",142.7,heavy
467,P,Calculate the duration of the longest heatwave where maximum temperatures exceeded 30°C in Peloponnese between 2010 and 2011.,meteo_tmax,false,comparison,MAX(mtx.tmax) - 273.15 > 30  —  on MAX(mtx.tmax),217,217 readings per compared group = 217 cell(s) × 1 per day,inf,exhausts
467,P,Calculate the duration of the longest heatwave where maximum temperatures exceeded 30°C in Peloponnese between 2010 and 2011.,meteo_tmax,false,large aggregate,COUNT(*) over readings,158844,"158,844 readings in the largest group = 2 year(s) × 217 cell(s)",476.5,heavy
468,P,How many consecutive days did snow cover persist (depth > 1 cm) in City of Zurich during January 2018?,meteo_sdmax,false,comparison,MAX(msd.sdmax) > 0.01  —  on MAX(msd.sdmax),1,1 readings per compared group = 1 cell(s) × 1 per day,40,fine
469,P,How many consecutive days did snow cover persist (depth > 1 cm) in Attica during January 2018?,meteo_sdmax,false,comparison,MAX(msd.sdmax) > 0.01  —  on MAX(msd.sdmax),24,24 readings per compared group = 24 cell(s) × 1 per day,72900.0,exhausts
470,P,How many consecutive days did snow cover persist (depth > 1 cm) in Canton of Bern during January 2018?,meteo_sdmax,false,comparison,MAX(msd.sdmax) > 0.01  —  on MAX(msd.sdmax),65,65 readings per compared group = 65 cell(s) × 1 per day,inf,exhausts
471,P,How many consecutive days did snow cover persist (depth > 1 cm) in Peloponnese during January 2018?,meteo_sdmax,false,comparison,MAX(msd.sdmax) > 0.01  —  on MAX(msd.sdmax),217,217 readings per compared group = 217 cell(s) × 1 per day,inf,exhausts
472,P,What was the total number of days with snow cover deeper than 1 cm in City of Zurich during the year 2018?,meteo_sdmax,false,comparison,MAX(msd.sdmax) > 0.01  —  on MAX(msd.sdmax),1,1 readings per compared group = 1 cell(s) × 1 per day,40,fine
473,P,What was the total number of days with snow cover deeper than 1 cm in Attica during the year 2018?,meteo_sdmax,false,comparison,MAX(msd.sdmax) > 0.01  —  on MAX(msd.sdmax),24,24 readings per compared group = 24 cell(s) × 1 per day,72900.0,exhausts
474,P,What was the total number of days with snow cover deeper than 1 cm in Canton of Bern during the year 2018?,meteo_sdmax,false,comparison,MAX(msd.sdmax) > 0.01  —  on MAX(msd.sdmax),65,65 readings per compared group = 65 cell(s) × 1 per day,inf,exhausts
475,P,What was the total number of days with snow cover deeper than 1 cm in Peloponnese during the year 2018?,meteo_sdmax,false,comparison,MAX(msd.sdmax) > 0.01  —  on MAX(msd.sdmax),217,217 readings per compared group = 217 cell(s) × 1 per day,inf,exhausts
475,P,What was the total number of days with snow cover deeper than 1 cm in Peloponnese during the year 2018?,meteo_sdmax,false,large aggregate,COUNT(*) over readings,79422,"79,422 readings in the largest group = 1 year(s) × 217 cell(s)",238.3,heavy
476,P,Determine the longest rainy spell (precipitation > 1 mm/day) experienced in City of Zurich throughout November 2018.,meteo_tp,false,comparison,SUM(mtp.tp) > 0.001  —  on SUM(mtp.tp),1,1 readings per compared group = 1 cell(s) × 1 per day,40,fine
477,P,Determine the longest rainy spell (precipitation > 1 mm/day) experienced in Attica throughout November 2018.,meteo_tp,false,comparison,SUM(mtp.tp) > 0.001  —  on SUM(mtp.tp),24,24 readings per compared group = 24 cell(s) × 1 per day,72900.0,exhausts
478,P,Determine the longest rainy spell (precipitation > 1 mm/day) experienced in Canton of Bern throughout November 2018.,meteo_tp,false,comparison,SUM(mtp.tp) > 0.001  —  on SUM(mtp.tp),65,65 readings per compared group = 65 cell(s) × 1 per day,inf,exhausts
479,P,Determine the longest rainy spell (precipitation > 1 mm/day) experienced in Peloponnese throughout November 2018.,meteo_tp,false,comparison,SUM(mtp.tp) > 0.001  —  on SUM(mtp.tp),217,217 readings per compared group = 217 cell(s) × 1 per day,inf,exhausts
480,P,Determine the longest rainy spell (precipitation > 1 mm/day) experienced in City of Zurich throughout the year 2015.,meteo_tp,false,comparison,SUM(mtp.tp) > 0.001  —  on SUM(mtp.tp),1,1 readings per compared group = 1 cell(s) × 1 per day,40,fine
481,P,Determine the longest rainy spell (precipitation > 1 mm/day) experienced in Attica throughout the year 2015.,meteo_tp,false,comparison,SUM(mtp.tp) > 0.001  —  on SUM(mtp.tp),24,24 readings per compared group = 24 cell(s) × 1 per day,72900.0,exhausts
482,P,Determine the longest rainy spell (precipitation > 1 mm/day) experienced in Canton of Bern throughout the year 2015.,meteo_tp,false,comparison,SUM(mtp.tp) > 0.001  —  on SUM(mtp.tp),65,65 readings per compared group = 65 cell(s) × 1 per day,inf,exhausts
483,P,Determine the longest rainy spell (precipitation > 1 mm/day) experienced in Peloponnese throughout the year 2015.,meteo_tp,false,comparison,SUM(mtp.tp) > 0.001  —  on SUM(mtp.tp),217,217 readings per compared group = 217 cell(s) × 1 per day,inf,exhausts
483,P,Determine the longest rainy spell (precipitation > 1 mm/day) experienced in Peloponnese throughout the year 2015.,meteo_tp,false,large aggregate,COUNT(*) over readings,79422,"79,422 readings in the largest group = 1 year(s) × 217 cell(s)",238.3,heavy
484,P,Determine the longest rainy spell (precipitation > 1 mm/day) experienced in City of Zurich between 2005 and 2015.,meteo_tp,false,comparison,SUM(mtp.tp) > 0.001  —  on SUM(mtp.tp),1,1 readings per compared group = 1 cell(s) × 1 per day,40,fine
485,P,Determine the longest rainy spell (precipitation > 1 mm/day) experienced in Attica between 2005 and 2015.,meteo_tp,false,comparison,SUM(mtp.tp) > 0.001  —  on SUM(mtp.tp),24,24 readings per compared group = 24 cell(s) × 1 per day,72900.0,exhausts
485,P,Determine the longest rainy spell (precipitation > 1 mm/day) experienced in Attica between 2005 and 2015.,meteo_tp,false,large aggregate,COUNT(*) over readings,96624,"96,624 readings in the largest group = 11 year(s) × 24 cell(s)",289.9,heavy
486,P,Determine the longest rainy spell (precipitation > 1 mm/day) experienced in Canton of Bern between 2005 and 2015.,meteo_tp,false,comparison,SUM(mtp.tp) > 0.001  —  on SUM(mtp.tp),65,65 readings per compared group = 65 cell(s) × 1 per day,inf,exhausts
486,P,Determine the longest rainy spell (precipitation > 1 mm/day) experienced in Canton of Bern between 2005 and 2015.,meteo_tp,false,large aggregate,COUNT(*) over readings,261690,"261,690 readings in the largest group = 11 year(s) × 65 cell(s)",785.1,heavy
487,P,Determine the longest rainy spell (precipitation > 1 mm/day) experienced in Peloponnese between 2005 and 2015.,meteo_tp,false,comparison,SUM(mtp.tp) > 0.001  —  on SUM(mtp.tp),217,217 readings per compared group = 217 cell(s) × 1 per day,inf,exhausts
487,P,Determine the longest rainy spell (precipitation > 1 mm/day) experienced in Peloponnese between 2005 and 2015.,meteo_tp,false,large aggregate,COUNT(*) over readings,873642,"873,642 readings in the largest group = 11 year(s) × 217 cell(s)",2620.9,heavy
488,P,Find the maximum number of consecutive days with strong winds (> 8 m/s) in City of Zurich in 2015.,meteo_windspeedmax,false,comparison,MAX(mws.windspeedmax) > 8  —  on MAX(mws.windspeedmax),1,1 readings per compared group = 1 cell(s) × 1 per day,40,fine
489,P,Find the maximum number of consecutive days with strong winds (> 8 m/s) in Attica in 2015.,meteo_windspeedmax,false,comparison,MAX(mws.windspeedmax) > 8  —  on MAX(mws.windspeedmax),24,24 readings per compared group = 24 cell(s) × 1 per day,72900.0,exhausts
490,P,Find the maximum number of consecutive days with strong winds (> 8 m/s) in Canton of Bern in 2015.,meteo_windspeedmax,false,comparison,MAX(mws.windspeedmax) > 8  —  on MAX(mws.windspeedmax),65,65 readings per compared group = 65 cell(s) × 1 per day,inf,exhausts
491,P,Find the maximum number of consecutive days with strong winds (> 8 m/s) in Peloponnese in 2015.,meteo_windspeedmax,false,comparison,MAX(mws.windspeedmax) > 8  —  on MAX(mws.windspeedmax),217,217 readings per compared group = 217 cell(s) × 1 per day,inf,exhausts
491,P,Find the maximum number of consecutive days with strong winds (> 8 m/s) in Peloponnese in 2015.,meteo_windspeedmax,false,large aggregate,COUNT(*) over readings,79422,"79,422 readings in the largest group = 1 year(s) × 217 cell(s)",238.3,heavy
492,P,"Identify the longest period of sustained summer heat (mean temp > 25°C) in City of Zurich between 2005 and 2015, summarized by YEAR.",meteo_tmean,false,comparison,AVG(mt.tmean) - 273.15 > 25  —  on AVG(mt.tmean),1,1 readings per compared group = 1 cell(s) × 1 per day,40,fine
493,P,"Identify the longest period of sustained summer heat (mean temp > 25°C) in Attica between 2005 and 2015, summarized by YEAR.",meteo_tmean,false,comparison,AVG(mt.tmean) - 273.15 > 25  —  on AVG(mt.tmean),24,24 readings per compared group = 24 cell(s) × 1 per day,72900.0,exhausts
493,P,"Identify the longest period of sustained summer heat (mean temp > 25°C) in Attica between 2005 and 2015, summarized by YEAR.",meteo_tmean,false,large aggregate,COUNT(*) over readings,49104,"49,104 readings in the largest group = 6 month(s) × 11 year(s) × 24 cell(s)",147.3,heavy
494,P,"Identify the longest period of sustained summer heat (mean temp > 25°C) in Canton of Bern between 2005 and 2015, summarized by YEAR.",meteo_tmean,false,comparison,AVG(mt.tmean) - 273.15 > 25  —  on AVG(mt.tmean),65,65 readings per compared group = 65 cell(s) × 1 per day,inf,exhausts
494,P,"Identify the longest period of sustained summer heat (mean temp > 25°C) in Canton of Bern between 2005 and 2015, summarized by YEAR.",meteo_tmean,false,large aggregate,COUNT(*) over readings,132990,"132,990 readings in the largest group = 6 month(s) × 11 year(s) × 65 cell(s)",399.0,heavy
495,P,"Identify the longest period of sustained summer heat (mean temp > 25°C) in Peloponnese between 2005 and 2015, summarized by YEAR.",meteo_tmean,false,comparison,AVG(mt.tmean) - 273.15 > 25  —  on AVG(mt.tmean),217,217 readings per compared group = 217 cell(s) × 1 per day,inf,exhausts
495,P,"Identify the longest period of sustained summer heat (mean temp > 25°C) in Peloponnese between 2005 and 2015, summarized by YEAR.",meteo_tmean,false,large aggregate,COUNT(*) over readings,443982,"443,982 readings in the largest group = 6 month(s) × 11 year(s) × 217 cell(s)",1331.9,heavy
496,P,Count the longest run of wet days (any rainfall > 0.1 mm) in City of Zurich during the year 2018.,meteo_tp,false,comparison,SUM(mtp.tp) > 0.0001  —  on SUM(mtp.tp),1,1 readings per compared group = 1 cell(s) × 1 per day,40,fine
497,P,Count the longest run of wet days (any rainfall > 0.1 mm) in Attica during the year 2018.,meteo_tp,false,comparison,SUM(mtp.tp) > 0.0001  —  on SUM(mtp.tp),24,24 readings per compared group = 24 cell(s) × 1 per day,72900.0,exhausts
498,P,Count the longest run of wet days (any rainfall > 0.1 mm) in Canton of Bern during the year 2018.,meteo_tp,false,comparison,SUM(mtp.tp) > 0.0001  —  on SUM(mtp.tp),65,65 readings per compared group = 65 cell(s) × 1 per day,inf,exhausts
499,P,Count the longest run of wet days (any rainfall > 0.1 mm) in Peloponnese during the year 2018.,meteo_tp,false,comparison,SUM(mtp.tp) > 0.0001  —  on SUM(mtp.tp),217,217 readings per compared group = 217 cell(s) × 1 per day,inf,exhausts
499,P,Count the longest run of wet days (any rainfall > 0.1 mm) in Peloponnese during the year 2018.,meteo_tp,false,large aggregate,COUNT(*) over readings,79422,"79,422 readings in the largest group = 1 year(s) × 217 cell(s)",238.3,heavy
511,R,What fraction of the Peloponnese experienced freezing conditions (min temp < 0°C) in the year 2015?,meteo_tmin,true,large aggregate,COUNT(CASE WHEN mtn.tmin - 273.15 < 0 THEN 1 END) over readings,79422,"79,422 readings in the largest group = 1 year(s) × 217 cell(s)",238.3,heavy
513,R,What fraction of the Attica experienced freezing conditions (min temp < 0°C) between 2010 and 2015?,meteo_tmin,true,large aggregate,COUNT(CASE WHEN mtn.tmin - 273.15 < 0 THEN 1 END) over readings,52704,"52,704 readings in the largest group = 6 year(s) × 24 cell(s)",158.1,heavy
514,R,What fraction of the Canton of Bern experienced freezing conditions (min temp < 0°C) between 2010 and 2015?,meteo_tmin,true,large aggregate,COUNT(CASE WHEN mtn.tmin - 273.15 < 0 THEN 1 END) over readings,142740,"142,740 readings in the largest group = 6 year(s) × 65 cell(s)",428.2,heavy
515,R,What fraction of the Peloponnese experienced freezing conditions (min temp < 0°C) between 2010 and 2015?,meteo_tmin,true,large aggregate,COUNT(CASE WHEN mtn.tmin - 273.15 < 0 THEN 1 END) over readings,476532,"476,532 readings in the largest group = 6 year(s) × 217 cell(s)",1429.6,heavy
517,R,What percentage of Attica received high solar radiation (20 MJ/m²) between 2015 and 2018?,meteo_ssrd,true,large aggregate,COUNT(CASE WHEN msr.ssrd > 20000000 THEN 1 END) over readings,35136,"35,136 readings in the largest group = 4 year(s) × 24 cell(s)",105.4,heavy
518,R,What percentage of Canton of Bern received high solar radiation (20 MJ/m²) between 2015 and 2018?,meteo_ssrd,true,large aggregate,COUNT(CASE WHEN msr.ssrd > 20000000 THEN 1 END) over readings,95160,"95,160 readings in the largest group = 4 year(s) × 65 cell(s)",285.5,heavy
519,R,What percentage of Peloponnese received high solar radiation (20 MJ/m²) between 2015 and 2018?,meteo_ssrd,true,large aggregate,COUNT(CASE WHEN msr.ssrd > 20000000 THEN 1 END) over readings,317688,"317,688 readings in the largest group = 4 year(s) × 217 cell(s)",953.1,heavy
532,Q,When was the last month with measurable precipitation (> 1 mm) in City of Zurich in 2019?,meteo_tp,true,comparison,time_window_1.total_precipitation > 0.001  —  on SUM(mtp.tp),31,31 readings per compared group = 1 cell(s) × 31 per month,159432300.0,exhausts
533,Q,When was the last month with measurable precipitation (> 1 mm) in Attica in 2019?,meteo_tp,true,comparison,time_window_1.total_precipitation > 0.001  —  on SUM(mtp.tp),744,744 readings per compared group = 24 cell(s) × 31 per month,inf,exhausts
534,Q,When was the last month with measurable precipitation (> 1 mm) in Canton of Bern in 2019?,meteo_tp,true,comparison,time_window_1.total_precipitation > 0.001  —  on SUM(mtp.tp),2015,"2,015 readings per compared group = 65 cell(s) × 31 per month",inf,exhausts
535,Q,When was the last month with measurable precipitation (> 1 mm) in Peloponnese in 2019?,meteo_tp,true,comparison,time_window_1.total_precipitation > 0.001  —  on SUM(mtp.tp),6727,"6,727 readings per compared group = 217 cell(s) × 31 per month",inf,exhausts
536,Q,What was the last day with measurable precipitation >1 mm in City of Zurich between 2017 and 2018?,meteo_tp,true,comparison,time_window_3.time_window_5 > 0.001  —  on SUM(mtp.tp),1,1 readings per compared group = 1 cell(s) × 1 per day,40,fine
537,Q,What was the last day with measurable precipitation >1 mm in Attica between 2017 and 2018?,meteo_tp,true,comparison,time_window_3.time_window_5 > 0.001  —  on SUM(mtp.tp),24,24 readings per compared group = 24 cell(s) × 1 per day,72900.0,exhausts
538,Q,What was the last day with measurable precipitation >1 mm in Canton of Bern between 2017 and 2018?,meteo_tp,true,comparison,time_window_3.time_window_5 > 0.001  —  on SUM(mtp.tp),65,65 readings per compared group = 65 cell(s) × 1 per day,inf,exhausts
539,Q,What was the last day with measurable precipitation >1 mm in Peloponnese between 2017 and 2018?,meteo_tp,true,comparison,time_window_3.time_window_5 > 0.001  —  on SUM(mtp.tp),217,217 readings per compared group = 217 cell(s) × 1 per day,inf,exhausts
540,C,the first level landcover types of the highest weekly average temperature in celsius in City of Zurich during week 28 of 2015,landcover_type;landcover_upscaled;meteo_tmean,false,comparison,time_window_3.time_window_4 = (SELECT max_temp_value.highest_avg_k AS highest_avg_k FROM max_temp_value)  —  on MAX(time_window_3.time_window_4),5490,"5,490 readings per compared group = 1 cell(s) × every day (15 years in the demo data, more in the full dataset)",inf,exhausts
541,C,the first level landcover types of the highest weekly average temperature in celsius in Attica during week 28 of 2015,landcover_type;landcover_upscaled;meteo_tmean,false,comparison,time_window_3.time_window_4 = (SELECT max_temp_value.highest_avg_k AS highest_avg_k FROM max_temp_value)  —  on MAX(time_window_3.time_window_4),131760,"131,760 readings per compared group = 24 cell(s) × every day (15 years in the demo data, more in the full dataset)",inf,exhausts
542,C,the first level landcover types of the highest weekly average temperature in celsius in Canton of Bern during week 28 of 2015,landcover_type;landcover_upscaled;meteo_tmean,false,comparison,time_window_3.time_window_4 = (SELECT max_temp_value.highest_avg_k AS highest_avg_k FROM max_temp_value)  —  on MAX(time_window_3.time_window_4),356850,"356,850 readings per compared group = 65 cell(s) × every day (15 years in the demo data, more in the full dataset)",inf,exhausts
543,C,the first level landcover types of the highest weekly average temperature in celsius in Peloponnese during week 28 of 2015,landcover_type;landcover_upscaled;meteo_tmean,false,comparison,time_window_3.time_window_4 = (SELECT max_temp_value.highest_avg_k AS highest_avg_k FROM max_temp_value)  —  on MAX(time_window_3.time_window_4),1191330,"1,191,330 readings per compared group = 217 cell(s) × every day (15 years in the demo data, more in the full dataset)",inf,exhausts
544,C,What is the first level landcover type of the location with the highest annual average temperature in Celsius in City of Zurich in 2015?,landcover_type;landcover_upscaled;meteo_tmean,false,comparison,time_window_3.time_window_4 = (SELECT max_temp_value.highest_avg_k AS highest_avg_k FROM max_temp_value)  —  on MAX(time_window_3.time_window_4),5490,"5,490 readings per compared group = 1 cell(s) × every day (15 years in the demo data, more in the full dataset)",inf,exhausts
545,C,What is the first level landcover type of the location with the highest annual average temperature in Celsius in Attica in 2015?,landcover_type;landcover_upscaled;meteo_tmean,false,comparison,time_window_3.time_window_4 = (SELECT max_temp_value.highest_avg_k AS highest_avg_k FROM max_temp_value)  —  on MAX(time_window_3.time_window_4),131760,"131,760 readings per compared group = 24 cell(s) × every day (15 years in the demo data, more in the full dataset)",inf,exhausts
546,C,What is the first level landcover type of the location with the highest annual average temperature in Celsius in Canton of Bern in 2015?,landcover_type;landcover_upscaled;meteo_tmean,false,comparison,time_window_3.time_window_4 = (SELECT max_temp_value.highest_avg_k AS highest_avg_k FROM max_temp_value)  —  on MAX(time_window_3.time_window_4),356850,"356,850 readings per compared group = 65 cell(s) × every day (15 years in the demo data, more in the full dataset)",inf,exhausts
547,C,What is the first level landcover type of the location with the highest annual average temperature in Celsius in Peloponnese in 2015?,landcover_type;landcover_upscaled;meteo_tmean,false,comparison,time_window_3.time_window_4 = (SELECT max_temp_value.highest_avg_k AS highest_avg_k FROM max_temp_value)  —  on MAX(time_window_3.time_window_4),1191330,"1,191,330 readings per compared group = 217 cell(s) × every day (15 years in the demo data, more in the full dataset)",inf,exhausts
551,H,What is the average annual temperature in Celsius for urban-dominated areas (defined in level 2) in Peloponnese between 2015 and 2016?,landcover_type;landcover_upscaled;meteo_tmean,false,large aggregate,AVG(t.tmean - 273.15) over readings,79422,"79,422 readings in the largest group = 1 year × 217 cell(s)",238.3,heavy
554,I,Compare average temperatures in Celsius across 2015–2016 between the dominant landcovers of forest and urban in Canton of Bern.,landcover_type;landcover_upscaled;meteo_tmean,false,large aggregate,AVG(t.tmean - 273.15) over readings,47580,"47,580 readings in the largest group = 2 year(s) × 65 cell(s)",142.7,heavy
555,I,Compare average temperatures in Celsius across 2015–2016 between the dominant landcovers of forest and urban in Peloponnese.,landcover_type;landcover_upscaled;meteo_tmean,false,large aggregate,AVG(t.tmean - 273.15) over readings,158844,"158,844 readings in the largest group = 2 year(s) × 217 cell(s)",476.5,heavy
556,A,Show the average elevation in City of Zurich,meteo_elevation,true,large aggregate,AVG(me.elevation) over elevation points,134280,"134,280 elevation points in the largest group = 1 cell(s) × 134,280 (no elevation filter)",402.8,heavy
557,A,Show the average elevation in Attica,meteo_elevation,true,large aggregate,AVG(me.elevation) over elevation points,3222720,"3,222,720 elevation points in the largest group = 24 cell(s) × 134,280 (no elevation filter)",9668.2,exhausts
558,A,Show the average elevation in Canton of Bern,meteo_elevation,true,large aggregate,AVG(me.elevation) over elevation points,8728200,"8,728,200 elevation points in the largest group = 65 cell(s) × 134,280 (no elevation filter)",26184.6,exhausts
559,A,Show the average elevation in Peloponnese,meteo_elevation,true,large aggregate,AVG(me.elevation) over elevation points,29138760,"29,138,760 elevation points in the largest group = 217 cell(s) × 134,280 (no elevation filter)",87416.3,exhausts
560,C,Show latitude and longitude of the lowest elevation in City of Zurich,meteo_elevation,true,comparison,"me.elevation = (SELECT MIN(me1.elevation) FROM meteo_elevation AS me1 WHERE (ROUND(CAST(me1.latitude AS DECIMAL), 1), RO  —  on MIN(me1.elevation)",134280,"134,280 elevation points per compared group = 1 cell(s) × 134,280 (no elevation filter)",inf,exhausts
560,C,Show latitude and longitude of the lowest elevation in City of Zurich,meteo_elevation,true,large aggregate,MIN(me1.elevation) over elevation points,134280,"134,280 elevation points in the largest group = 1 cell(s) × 134,280 (no elevation filter)",402.8,heavy
561,C,Show latitude and longitude of the lowest elevation in Attica,meteo_elevation,true,comparison,"me.elevation = (SELECT MIN(me1.elevation) FROM meteo_elevation AS me1 WHERE (ROUND(CAST(me1.latitude AS DECIMAL), 1), RO  —  on MIN(me1.elevation)",3222720,"3,222,720 elevation points per compared group = 24 cell(s) × 134,280 (no elevation filter)",inf,exhausts
561,C,Show latitude and longitude of the lowest elevation in Attica,meteo_elevation,true,large aggregate,MIN(me1.elevation) over elevation points,3222720,"3,222,720 elevation points in the largest group = 24 cell(s) × 134,280 (no elevation filter)",9668.2,exhausts
562,C,Show latitude and longitude of the lowest elevation in Canton of Bern,meteo_elevation,true,comparison,"me.elevation = (SELECT MIN(me1.elevation) FROM meteo_elevation AS me1 WHERE (ROUND(CAST(me1.latitude AS DECIMAL), 1), RO  —  on MIN(me1.elevation)",8728200,"8,728,200 elevation points per compared group = 65 cell(s) × 134,280 (no elevation filter)",inf,exhausts
562,C,Show latitude and longitude of the lowest elevation in Canton of Bern,meteo_elevation,true,large aggregate,MIN(me1.elevation) over elevation points,8728200,"8,728,200 elevation points in the largest group = 65 cell(s) × 134,280 (no elevation filter)",26184.6,exhausts
563,C,Show latitude and longitude of the lowest elevation in Peloponnese,meteo_elevation,true,comparison,"me.elevation = (SELECT MIN(me1.elevation) FROM meteo_elevation AS me1 WHERE (ROUND(CAST(me1.latitude AS DECIMAL), 1), RO  —  on MIN(me1.elevation)",29138760,"29,138,760 elevation points per compared group = 217 cell(s) × 134,280 (no elevation filter)",inf,exhausts
563,C,Show latitude and longitude of the lowest elevation in Peloponnese,meteo_elevation,true,large aggregate,MIN(me1.elevation) over elevation points,29138760,"29,138,760 elevation points in the largest group = 217 cell(s) × 134,280 (no elevation filter)",87416.3,exhausts
564,B,What is the lowest point in City of Zurich?,meteo_elevation,true,large aggregate,MIN(me.elevation) over elevation points,134280,"134,280 elevation points in the largest group = 1 cell(s) × 134,280 (no elevation filter)",402.8,heavy
565,B,What is the lowest point in Attica?,meteo_elevation,true,large aggregate,MIN(me.elevation) over elevation points,3222720,"3,222,720 elevation points in the largest group = 24 cell(s) × 134,280 (no elevation filter)",9668.2,exhausts
566,B,What is the lowest point in Canton of Bern?,meteo_elevation,true,large aggregate,MIN(me.elevation) over elevation points,8728200,"8,728,200 elevation points in the largest group = 65 cell(s) × 134,280 (no elevation filter)",26184.6,exhausts
567,B,What is the lowest point in Peloponnese?,meteo_elevation,true,large aggregate,MIN(me.elevation) over elevation points,29138760,"29,138,760 elevation points in the largest group = 217 cell(s) × 134,280 (no elevation filter)",87416.3,exhausts
568,B,Show the maximum of elevation in City of Zurich,meteo_elevation,true,large aggregate,MAX(me.elevation) over elevation points,134280,"134,280 elevation points in the largest group = 1 cell(s) × 134,280 (no elevation filter)",402.8,heavy
569,B,Show the maximum of elevation in Attica,meteo_elevation,true,large aggregate,MAX(me.elevation) over elevation points,3222720,"3,222,720 elevation points in the largest group = 24 cell(s) × 134,280 (no elevation filter)",9668.2,exhausts
570,B,Show the maximum of elevation in Canton of Bern,meteo_elevation,true,large aggregate,MAX(me.elevation) over elevation points,8728200,"8,728,200 elevation points in the largest group = 65 cell(s) × 134,280 (no elevation filter)",26184.6,exhausts
571,B,Show the maximum of elevation in Peloponnese,meteo_elevation,true,large aggregate,MAX(me.elevation) over elevation points,29138760,"29,138,760 elevation points in the largest group = 217 cell(s) × 134,280 (no elevation filter)",87416.3,exhausts
572,J,What is the highest elevation in City of Zurich?,meteo_elevation,true,large aggregate,MAX(me.elevation) over elevation points,134280,"134,280 elevation points in the largest group = 1 cell(s) × 134,280 (no elevation filter)",402.8,heavy
573,J,What is the highest elevation in Attica?,meteo_elevation,true,large aggregate,MAX(me.elevation) over elevation points,3222720,"3,222,720 elevation points in the largest group = 24 cell(s) × 134,280 (no elevation filter)",9668.2,exhausts
574,J,What is the highest elevation in Canton of Bern?,meteo_elevation,true,large aggregate,MAX(me.elevation) over elevation points,8728200,"8,728,200 elevation points in the largest group = 65 cell(s) × 134,280 (no elevation filter)",26184.6,exhausts
575,J,What is the highest elevation in Peloponnese?,meteo_elevation,true,large aggregate,MAX(me.elevation) over elevation points,29138760,"29,138,760 elevation points in the largest group = 217 cell(s) × 134,280 (no elevation filter)",87416.3,exhausts
576,H,Which years recorded the highest number of tmax (TX) > 35°C days in City of Zurich during the last 10 years 2011 2020?,meteo_tmax,false,comparison,time_window_0.time_window_2 = (SELECT MAX(time_window_0.time_window_2) FROM time_window_0)  —  on COUNT(*),366,366 readings per compared group = 1 cell(s) × 366 per year,inf,exhausts
577,H,Which years recorded the highest number of tmax (TX) > 35°C days in Attica during the last 10 years 2011 2020?,meteo_tmax,false,comparison,time_window_0.time_window_2 = (SELECT MAX(time_window_0.time_window_2) FROM time_window_0)  —  on COUNT(*),8784,"8,784 readings per compared group = 24 cell(s) × 366 per year",inf,exhausts
578,H,Which years recorded the highest number of tmax (TX) > 35°C days in Canton of Bern during the last 10 years 2011 2020?,meteo_tmax,false,comparison,time_window_0.time_window_2 = (SELECT MAX(time_window_0.time_window_2) FROM time_window_0)  —  on COUNT(*),23790,"23,790 readings per compared group = 65 cell(s) × 366 per year",inf,exhausts
579,H,Which years recorded the highest number of tmax (TX) > 35°C days in Peloponnese during the last 10 years 2011 2020?,meteo_tmax,false,comparison,time_window_0.time_window_2 = (SELECT MAX(time_window_0.time_window_2) FROM time_window_0)  —  on COUNT(*),79422,"79,422 readings per compared group = 217 cell(s) × 366 per year",inf,exhausts
579,H,Which years recorded the highest number of tmax (TX) > 35°C days in Peloponnese during the last 10 years 2011 2020?,meteo_tmax,false,large aggregate,COUNT(*) over readings,79422,"79,422 readings in the largest group = 1 year × 217 cell(s)",238.3,heavy
604,Q,"For each YEAR, what was the date and temperature of the last day in City of Zurich when the minimum temperature dropped below 0 °C?",meteo_tmin,false,comparison,time_window_0.time_window_5 < 0  —  on MIN(mtn.tmin - 273.15),1,1 readings per compared group = 1 cell(s) × 1 per day,40,fine
605,Q,"For each YEAR, what was the date and temperature of the last day in Attica when the minimum temperature dropped below 0 °C?",meteo_tmin,false,comparison,time_window_0.time_window_5 < 0  —  on MIN(mtn.tmin - 273.15),24,24 readings per compared group = 24 cell(s) × 1 per day,72900.0,exhausts
606,Q,"For each YEAR, what was the date and temperature of the last day in Canton of Bern when the minimum temperature dropped below 0 °C?",meteo_tmin,false,comparison,time_window_0.time_window_5 < 0  —  on MIN(mtn.tmin - 273.15),65,65 readings per compared group = 65 cell(s) × 1 per day,inf,exhausts
607,Q,"For each YEAR, what was the date and temperature of the last day in Peloponnese when the minimum temperature dropped below 0 °C?",meteo_tmin,false,comparison,time_window_0.time_window_5 < 0  —  on MIN(mtn.tmin - 273.15),217,217 readings per compared group = 217 cell(s) × 1 per day,inf,exhausts
608,Q+N,How has the date of the last snow day (snow depth > 5 cm) evolved in City of Zurich over time?,meteo_sdmax,false,comparison,time_window_0.time_window_5 > 0.05  —  on MAX(msd.sdmax),1,1 readings per compared group = 1 cell(s) × 1 per day,40,fine
609,Q+N,How has the date of the last snow day (snow depth > 5 cm) evolved in Attica over time?,meteo_sdmax,false,comparison,time_window_0.time_window_5 > 0.05  —  on MAX(msd.sdmax),24,24 readings per compared group = 24 cell(s) × 1 per day,72900.0,exhausts
610,Q+N,How has the date of the last snow day (snow depth > 5 cm) evolved in Canton of Bern over time?,meteo_sdmax,false,comparison,time_window_0.time_window_5 > 0.05  —  on MAX(msd.sdmax),65,65 readings per compared group = 65 cell(s) × 1 per day,inf,exhausts
611,Q+N,How has the date of the last snow day (snow depth > 5 cm) evolved in Peloponnese over time?,meteo_sdmax,false,comparison,time_window_0.time_window_5 > 0.05  —  on MAX(msd.sdmax),217,217 readings per compared group = 217 cell(s) × 1 per day,inf,exhausts
612,Q+N,How has the length of the wet season (end minus start) changed over time (from 1991 to 2020) in City of Zurich?,meteo_tp,false,comparison,time_window_0.time_window_4 >= 0.005  —  on SUM(mtp.tp),1,1 readings per compared group = 1 cell(s) × 1 per day,40,fine
613,Q+N,How has the length of the wet season (end minus start) changed over time (from 1991 to 2020) in Attica?,meteo_tp,false,comparison,time_window_0.time_window_4 >= 0.005  —  on SUM(mtp.tp),24,24 readings per compared group = 24 cell(s) × 1 per day,72900.0,exhausts
614,Q+N,How has the length of the wet season (end minus start) changed over time (from 1991 to 2020) in Canton of Bern?,meteo_tp,false,comparison,time_window_0.time_window_4 >= 0.005  —  on SUM(mtp.tp),65,65 readings per compared group = 65 cell(s) × 1 per day,inf,exhausts
615,Q+N,How has the length of the wet season (end minus start) changed over time (from 1991 to 2020) in Peloponnese?,meteo_tp,false,comparison,time_window_0.time_window_4 >= 0.005  —  on SUM(mtp.tp),217,217 readings per compared group = 217 cell(s) × 1 per day,inf,exhausts
616,Q,What was the wet-season length for each year in City of Zurich from 1991 to 2020?,meteo_tp,true,comparison,time_window_0.time_window_4 >= 0.005  —  on SUM(mtp.tp),1,1 readings per compared group = 1 cell(s) × 1 per day,40,fine
617,Q,What was the wet-season length for each year in Attica from 1991 to 2020?,meteo_tp,true,comparison,time_window_0.time_window_4 >= 0.005  —  on SUM(mtp.tp),24,24 readings per compared group = 24 cell(s) × 1 per day,72900.0,exhausts
618,Q,What was the wet-season length for each year in Canton of Bern from 1991 to 2020?,meteo_tp,true,comparison,time_window_0.time_window_4 >= 0.005  —  on SUM(mtp.tp),65,65 readings per compared group = 65 cell(s) × 1 per day,inf,exhausts
619,Q,What was the wet-season length for each year in Peloponnese from 1991 to 2020?,meteo_tp,true,comparison,time_window_0.time_window_4 >= 0.005  —  on SUM(mtp.tp),217,217 readings per compared group = 217 cell(s) × 1 per day,inf,exhausts
623,N,How does the average annual rainfall in Peloponnese compare between the 2000s and the 2010s? Is it getting wetter or drier?,meteo_tp,false,large aggregate,SUM(mtp.tp) over readings,79422,"79,422 readings in the largest group = 1 year × 217 cell(s)",238.3,heavy
627,N,Is there a detectable trend (slope) in the amount of solar radiation (sunshine energy) reaching the surface in Peloponnese over the recorded years?,meteo_ssrd,false,large aggregate,AVG(msr.ssrd) over readings,79422,"79,422 readings in the largest group = 1 year × 217 cell(s)",238.3,heavy
631,N,What is the trend for the maximum annual snow depth in Peloponnese? Is the peak snow depth declining?,meteo_sdmax,true,large aggregate,MAX(msd.sdmax) over readings,79422,"79,422 readings in the largest group = 1 year × 217 cell(s)",238.3,heavy
663,A,Calculate the average precipitation in Peloponnese from 2001 through 2003.,meteo_tp,true,large aggregate,AVG(mtp.tp) over readings,79422,"79,422 readings in the largest group = 1 year × 217 cell(s)",238.3,heavy
671,A,Calculate the average precipitation in Peloponnese in 2006.,meteo_tp,true,large aggregate,AVG(mtp.tp) over readings,79422,"79,422 readings in the largest group = 1 year × 217 cell(s)",238.3,heavy
675,A,Calculate the average precipitation in Peloponnese from 2005 through 2010.,meteo_tp,true,large aggregate,AVG(mtp.tp) over readings,79422,"79,422 readings in the largest group = 1 year × 217 cell(s)",238.3,heavy
683,A,Calculate the average precipitation in Peloponnese between 2001 through 2003.,meteo_tp,true,large aggregate,AVG(mtp.tp) over readings,79422,"79,422 readings in the largest group = 1 year × 217 cell(s)",238.3,heavy
687,A,Report the average precipitation in Peloponnese from 2005 through 2010.,meteo_tp,true,large aggregate,AVG(mtp.tp) over readings,79422,"79,422 readings in the largest group = 1 year × 217 cell(s)",238.3,heavy
704,P,Find count the longest run of wet days (any rainfall > 0.1 mm) in City of Zurich during the year 2018.,meteo_tp,false,comparison,SUM(mtp.tp) > 0.0001  —  on SUM(mtp.tp),1,1 readings per compared group = 1 cell(s) × 1 per day,40,fine
705,P,Find count the longest run of wet days (any rainfall > 0.1 mm) in Attica during the year 2018.,meteo_tp,false,comparison,SUM(mtp.tp) > 0.0001  —  on SUM(mtp.tp),24,24 readings per compared group = 24 cell(s) × 1 per day,72900.0,exhausts
706,P,Find count the longest run of wet days (any rainfall > 0.1 mm) in Canton of Bern during the year 2018.,meteo_tp,false,comparison,SUM(mtp.tp) > 0.0001  —  on SUM(mtp.tp),65,65 readings per compared group = 65 cell(s) × 1 per day,inf,exhausts
707,P,Find count the longest run of wet days (any rainfall > 0.1 mm) in Peloponnese during the year 2018.,meteo_tp,false,comparison,SUM(mtp.tp) > 0.0001  —  on SUM(mtp.tp),217,217 readings per compared group = 217 cell(s) × 1 per day,inf,exhausts
707,P,Find count the longest run of wet days (any rainfall > 0.1 mm) in Peloponnese during the year 2018.,meteo_tp,false,large aggregate,COUNT(*) over readings,79422,"79,422 readings in the largest group = 1 year(s) × 217 cell(s)",238.3,heavy
731,A,Report the average precipitation in Peloponnese in 2002.,meteo_tp,true,large aggregate,AVG(mtp.tp) over readings,79422,"79,422 readings in the largest group = 1 year × 217 cell(s)",238.3,heavy
747,A,Report the average precipitation in Peloponnese in 2006.,meteo_tp,true,large aggregate,AVG(mtp.tp) over readings,79422,"79,422 readings in the largest group = 1 year × 217 cell(s)",238.3,heavy
